{
    "MAE": 0.4601418849932659,
    "MSE": 0.3311998861129877,
    "RMSE": 0.575499683851336,
    "R2_Score": 0.3823989267125699
}