{
    "MAE": 0.41390625,
    "MSE": 0.2916468375,
    "RMSE": 0.5400433663142248,
    "R2_Score": 0.5537196288049733
}