{
    "MAE": 0.6101850787937751,
    "MSE": 0.5162512837565982,
    "RMSE": 0.7185062865115366,
    "R2_Score": 0.037326520017828546
}